group	fill	x	y	clickSelects
781	#FFFFFF	-5.45	0	1
781	#FFFFFF	-5	0.45	1
781	#FFFFFF	-4.55	0	1
781	#FFFFFF	-5	-0.45	1
781	#FFFFFF	-5.45	0	1
654	#FFFFFF	-4.95	0.5	1
654	#FFFFFF	-4.5	0.95	1
654	#FFFFFF	-4.05	0.5	1
654	#FFFFFF	-4.5	0.05	1
654	#FFFFFF	-4.95	0.5	1
653	#FFFFFF	-4.45	1	1
653	#FFFFFF	-4	1.45	1
653	#FFFFFF	-3.55	1	1
653	#FFFFFF	-4	0.55	1
653	#FFFFFF	-4.45	1	1
293	#FFFFFF	-3.95	1.5	1
293	#FFFFFF	-3.5	1.95	1
293	#FFFFFF	-3.05	1.5	1
293	#FFFFFF	-3.5	1.05	1
293	#FFFFFF	-3.95	1.5	1
291	#FFFFFF	-3.45	2	1
291	#FFFFFF	-3	2.45	1
291	#FFFFFF	-2.55	2	1
291	#FFFFFF	-3	1.55	1
291	#FFFFFF	-3.45	2	1
58	#FFFFFF	-2.95	2.5	1
58	#FFFFFF	-2.5	2.95	1
58	#FFFFFF	-2.05	2.5	1
58	#FFFFFF	-2.5	2.05	1
58	#FFFFFF	-2.95	2.5	1
10	#FFFFFF	-1.95	3.5	1
10	#FFFFFF	-1.5	3.95	1
10	#FFFFFF	-1.05	3.5	1
10	#FFFFFF	-1.5	3.05	1
10	#FFFFFF	-1.95	3.5	1
7	#FFFFFF	-1.45	4	1
7	#FFFFFF	-1	4.45	1
7	#FFFFFF	-0.55	4	1
7	#FFFFFF	-1	3.55	1
7	#FFFFFF	-1.45	4	1
4	#FFFFFF	-0.95	4.5	1
4	#FFFFFF	-0.5	4.95	1
4	#FFFFFF	-0.05	4.5	1
4	#FFFFFF	-0.5	4.05	1
4	#FFFFFF	-0.95	4.5	1
786	#FFFFFF	-0.45	5	1
786	#FFFFFF	0	5.45	1
786	#FFFFFF	0.45	5	1
786	#FFFFFF	0	4.55	1
786	#FFFFFF	-0.45	5	1
791	#FFFFFF	0.05	5.5	1
791	#FFFFFF	0.5	5.95	1
791	#FFFFFF	0.95	5.5	1
791	#FFFFFF	0.5	5.05	1
791	#FFFFFF	0.05	5.5	1
797	#FFFFFF	0.55	6	1
797	#FFFFFF	1	6.45	1
797	#FFFFFF	1.45	6	1
797	#FFFFFF	1	5.55	1
797	#FFFFFF	0.55	6	1
803	#FFFFFF	1.05	6.5	1
803	#FFFFFF	1.5	6.95	1
803	#FFFFFF	1.95	6.5	1
803	#FFFFFF	1.5	6.05	1
803	#FFFFFF	1.05	6.5	1
810	#FFFFFF	1.55	7	1
810	#FFFFFF	2	7.45	1
810	#FFFFFF	2.45	7	1
810	#FFFFFF	2	6.55	1
810	#FFFFFF	1.55	7	1
817	#FFFFFF	2.05	7.5	1
817	#FFFFFF	2.5	7.95	1
817	#FFFFFF	2.95	7.5	1
817	#FFFFFF	2.5	7.05	1
817	#FFFFFF	2.05	7.5	1
825	#FFFFFF	2.55	8	1
825	#FFFFFF	3	8.45	1
825	#FFFFFF	3.45	8	1
825	#FFFFFF	3	7.55	1
825	#FFFFFF	2.55	8	1
833	#FFFFFF	3.05	8.5	1
833	#FFFFFF	3.5	8.95	1
833	#FFFFFF	3.95	8.5	1
833	#FFFFFF	3.5	8.05	1
833	#FFFFFF	3.05	8.5	1
842	#FFFFFF	3.55	9	1
842	#FFFFFF	4	9.45	1
842	#FFFFFF	4.45	9	1
842	#FFFFFF	4	8.55	1
842	#FFFFFF	3.55	9	1
851	#FFFFFF	4.05	9.5	1
851	#FFFFFF	4.5	9.95	1
851	#FFFFFF	4.95	9.5	1
851	#FFFFFF	4.5	9.05	1
851	#FFFFFF	4.05	9.5	1
854	#FFFFFF	4.55	10	1
854	#FFFFFF	5	10.45	1
854	#FFFFFF	5.45	10	1
854	#FFFFFF	5	9.55	1
854	#FFFFFF	4.55	10	1
652	#FFFFFF	-4.45	0	1
652	#FFFFFF	-4	0.45	1
652	#FFFFFF	-3.55	0	1
652	#FFFFFF	-4	-0.45	1
652	#FFFFFF	-4.45	0	1
292	#FFFFFF	-3.95	0.5	14
292	#FFFFFF	-3.5	0.95	14
292	#FFFFFF	-3.05	0.5	14
292	#FFFFFF	-3.5	0.05	14
292	#FFFFFF	-3.95	0.5	14
290	#FFFFFF	-3.45	1	1
290	#FFFFFF	-3	1.45	1
290	#FFFFFF	-2.55	1	1
290	#FFFFFF	-3	0.55	1
290	#FFFFFF	-3.45	1	1
57	#FFFFFF	-2.95	1.5	1
57	#FFFFFF	-2.5	1.95	1
57	#FFFFFF	-2.05	1.5	1
57	#FFFFFF	-2.5	1.05	1
57	#FFFFFF	-2.95	1.5	1
55	#FFFFFF	-2.45	2	1
55	#FFFFFF	-2	2.45	1
55	#FFFFFF	-1.55	2	1
55	#FFFFFF	-2	1.55	1
55	#FFFFFF	-2.45	2	1
3	#FFFFFF	-0.95	3.5	1
3	#FFFFFF	-0.5	3.95	1
3	#FFFFFF	-0.05	3.5	1
3	#FFFFFF	-0.5	3.05	1
3	#FFFFFF	-0.95	3.5	1
785	#FFFFFF	-0.45	4	1
785	#FFFFFF	0	4.45	1
785	#FFFFFF	0.45	4	1
785	#FFFFFF	0	3.55	1
785	#FFFFFF	-0.45	4	1
790	#FFFFFF	0.05	4.5	1
790	#FFFFFF	0.5	4.95	1
790	#FFFFFF	0.95	4.5	1
790	#FFFFFF	0.5	4.05	1
790	#FFFFFF	0.05	4.5	1
796	#FFFFFF	0.55	5	1
796	#FFFFFF	1	5.45	1
796	#FFFFFF	1.45	5	1
796	#FFFFFF	1	4.55	1
796	#FFFFFF	0.55	5	1
802	#FFFFFF	1.05	5.5	1
802	#FFFFFF	1.5	5.95	1
802	#FFFFFF	1.95	5.5	1
802	#FFFFFF	1.5	5.05	1
802	#FFFFFF	1.05	5.5	1
809	#FFFFFF	1.55	6	1
809	#FFFFFF	2	6.45	1
809	#FFFFFF	2.45	6	1
809	#FFFFFF	2	5.55	1
809	#FFFFFF	1.55	6	1
816	#FFFFFF	2.05	6.5	1
816	#FFFFFF	2.5	6.95	1
816	#FFFFFF	2.95	6.5	1
816	#FFFFFF	2.5	6.05	1
816	#FFFFFF	2.05	6.5	1
824	#FFFFFF	2.55	7	1
824	#FFFFFF	3	7.45	1
824	#FFFFFF	3.45	7	1
824	#FFFFFF	3	6.55	1
824	#FFFFFF	2.55	7	1
832	#FFFFFF	3.05	7.5	1
832	#FFFFFF	3.5	7.95	1
832	#FFFFFF	3.95	7.5	1
832	#FFFFFF	3.5	7.05	1
832	#FFFFFF	3.05	7.5	1
841	#FFFFFF	3.55	8	1
841	#FFFFFF	4	8.45	1
841	#FFFFFF	4.45	8	1
841	#FFFFFF	4	7.55	1
841	#FFFFFF	3.55	8	1
850	#FFFFFF	4.05	8.5	1
850	#FFFFFF	4.5	8.95	1
850	#FFFFFF	4.95	8.5	1
850	#FFFFFF	4.5	8.05	1
850	#FFFFFF	4.05	8.5	1
861	#FFFFFF	4.55	9	1
861	#FFFFFF	5	9.45	1
861	#FFFFFF	5.45	9	1
861	#FFFFFF	5	8.55	1
861	#FFFFFF	4.55	9	1
289	#FFFFFF	-3.45	0	1
289	#FFFFFF	-3	0.45	1
289	#FFFFFF	-2.55	0	1
289	#FFFFFF	-3	-0.45	1
289	#FFFFFF	-3.45	0	1
56	#FFFFFF	-2.95	0.5	1
56	#FFFFFF	-2.5	0.95	1
56	#FFFFFF	-2.05	0.5	1
56	#FFFFFF	-2.5	0.05	1
56	#FFFFFF	-2.95	0.5	1
54	#FFFFFF	-2.45	1	1
54	#FFFFFF	-2	1.45	1
54	#FFFFFF	-1.55	1	1
54	#FFFFFF	-2	0.55	1
54	#FFFFFF	-2.45	1	1
9	#FFFFFF	-1.95	1.5	1
9	#FFFFFF	-1.5	1.95	1
9	#FFFFFF	-1.05	1.5	1
9	#FFFFFF	-1.5	1.05	1
9	#FFFFFF	-1.95	1.5	1
2	#FFFFFF	-0.95	2.5	1
2	#FFFFFF	-0.5	2.95	1
2	#FFFFFF	-0.05	2.5	1
2	#FFFFFF	-0.5	2.05	1
2	#FFFFFF	-0.95	2.5	1
784	#FFFFFF	-0.45	3	1
784	#FFFFFF	0	3.45	1
784	#FFFFFF	0.45	3	1
784	#FFFFFF	0	2.55	1
784	#FFFFFF	-0.45	3	1
789	#FFFFFF	0.05	3.5	1
789	#FFFFFF	0.5	3.95	1
789	#FFFFFF	0.95	3.5	1
789	#FFFFFF	0.5	3.05	1
789	#FFFFFF	0.05	3.5	1
795	#FFFFFF	0.55	4	1
795	#FFFFFF	1	4.45	1
795	#FFFFFF	1.45	4	1
795	#FFFFFF	1	3.55	1
795	#FFFFFF	0.55	4	1
801	#FFFFFF	1.05	4.5	1
801	#FFFFFF	1.5	4.95	1
801	#FFFFFF	1.95	4.5	1
801	#FFFFFF	1.5	4.05	1
801	#FFFFFF	1.05	4.5	1
808	#FFFFFF	1.55	5	1
808	#FFFFFF	2	5.45	1
808	#FFFFFF	2.45	5	1
808	#FFFFFF	2	4.55	1
808	#FFFFFF	1.55	5	1
815	#FFFFFF	2.05	5.5	1
815	#FFFFFF	2.5	5.95	1
815	#FFFFFF	2.95	5.5	1
815	#FFFFFF	2.5	5.05	1
815	#FFFFFF	2.05	5.5	1
823	#FFFFFF	2.55	6	1
823	#FFFFFF	3	6.45	1
823	#FFFFFF	3.45	6	1
823	#FFFFFF	3	5.55	1
823	#FFFFFF	2.55	6	1
831	#FFFFFF	3.05	6.5	1
831	#FFFFFF	3.5	6.95	1
831	#FFFFFF	3.95	6.5	1
831	#FFFFFF	3.5	6.05	1
831	#FFFFFF	3.05	6.5	1
840	#FFFFFF	3.55	7	1
840	#FFFFFF	4	7.45	1
840	#FFFFFF	4.45	7	1
840	#FFFFFF	4	6.55	1
840	#FFFFFF	3.55	7	1
849	#FFFFFF	4.05	7.5	1
849	#FFFFFF	4.5	7.95	1
849	#FFFFFF	4.95	7.5	1
849	#FFFFFF	4.5	7.05	1
849	#FFFFFF	4.05	7.5	1
860	#FFFFFF	4.55	8	1
860	#FFFFFF	5	8.45	1
860	#FFFFFF	5.45	8	1
860	#FFFFFF	5	7.55	1
860	#FFFFFF	4.55	8	1
53	#FFFFFF	-2.45	0	1
53	#FFFFFF	-2	0.45	1
53	#FFFFFF	-1.55	0	1
53	#FFFFFF	-2	-0.45	1
53	#FFFFFF	-2.45	0	1
8	#FFFFFF	-1.95	0.5	1
8	#FFFFFF	-1.5	0.95	1
8	#FFFFFF	-1.05	0.5	1
8	#FFFFFF	-1.5	0.05	1
8	#FFFFFF	-1.95	0.5	1
6	#FFFFFF	-1.45	1	1
6	#FFFFFF	-1	1.45	1
6	#FFFFFF	-0.55	1	1
6	#FFFFFF	-1	0.55	1
6	#FFFFFF	-1.45	1	1
783	#FFFFFF	-0.45	2	11
783	#FFFFFF	0	2.45	11
783	#FFFFFF	0.45	2	11
783	#FFFFFF	0	1.55	11
783	#FFFFFF	-0.45	2	11
788	#FFFFFF	0.05	2.5	1
788	#FFFFFF	0.5	2.95	1
788	#FFFFFF	0.95	2.5	1
788	#FFFFFF	0.5	2.05	1
788	#FFFFFF	0.05	2.5	1
794	#FFFFFF	0.55	3	1
794	#FFFFFF	1	3.45	1
794	#FFFFFF	1.45	3	1
794	#FFFFFF	1	2.55	1
794	#FFFFFF	0.55	3	1
800	#FFFFFF	1.05	3.5	1
800	#FFFFFF	1.5	3.95	1
800	#FFFFFF	1.95	3.5	1
800	#FFFFFF	1.5	3.05	1
800	#FFFFFF	1.05	3.5	1
807	#FFFFFF	1.55	4	1
807	#FFFFFF	2	4.45	1
807	#FFFFFF	2.45	4	1
807	#FFFFFF	2	3.55	1
807	#FFFFFF	1.55	4	1
814	#FFFFFF	2.05	4.5	1
814	#FFFFFF	2.5	4.95	1
814	#FFFFFF	2.95	4.5	1
814	#FFFFFF	2.5	4.05	1
814	#FFFFFF	2.05	4.5	1
822	#FFFFFF	2.55	5	1
822	#FFFFFF	3	5.45	1
822	#FFFFFF	3.45	5	1
822	#FFFFFF	3	4.55	1
822	#FFFFFF	2.55	5	1
830	#FFFFFF	3.05	5.5	1
830	#FFFFFF	3.5	5.95	1
830	#FFFFFF	3.95	5.5	1
830	#FFFFFF	3.5	5.05	1
830	#FFFFFF	3.05	5.5	1
839	#FFFFFF	3.55	6	1
839	#FFFFFF	4	6.45	1
839	#FFFFFF	4.45	6	1
839	#FFFFFF	4	5.55	1
839	#FFFFFF	3.55	6	1
848	#FFFFFF	4.05	6.5	1
848	#FFFFFF	4.5	6.95	1
848	#FFFFFF	4.95	6.5	1
848	#FFFFFF	4.5	6.05	1
848	#FFFFFF	4.05	6.5	1
859	#FFFFFF	4.55	7	1
859	#FFFFFF	5	7.45	1
859	#FFFFFF	5.45	7	1
859	#FFFFFF	5	6.55	1
859	#FFFFFF	4.55	7	1
5	#CD1076	-1.45	0	9
5	#CD1076	-1	0.45	9
5	#CD1076	-0.55	0	9
5	#CD1076	-1	-0.45	9
5	#CD1076	-1.45	0	9
1	#CD1076	-0.95	0.5	9
1	#CD1076	-0.5	0.95	9
1	#CD1076	-0.05	0.5	9
1	#CD1076	-0.5	0.05	9
1	#CD1076	-0.95	0.5	9
787	#CD1076	0.05	1.5	4
787	#CD1076	0.5	1.95	4
787	#CD1076	0.95	1.5	4
787	#CD1076	0.5	1.05	4
787	#CD1076	0.05	1.5	4
793	#CD1076	0.55	2	3
793	#CD1076	1	2.45	3
793	#CD1076	1.45	2	3
793	#CD1076	1	1.55	3
793	#CD1076	0.55	2	3
799	#CD1076	1.05	2.5	3
799	#CD1076	1.5	2.95	3
799	#CD1076	1.95	2.5	3
799	#CD1076	1.5	2.05	3
799	#CD1076	1.05	2.5	3
806	#CD1076	1.55	3	3
806	#CD1076	2	3.45	3
806	#CD1076	2.45	3	3
806	#CD1076	2	2.55	3
806	#CD1076	1.55	3	3
813	#CD1076	2.05	3.5	3
813	#CD1076	2.5	3.95	3
813	#CD1076	2.95	3.5	3
813	#CD1076	2.5	3.05	3
813	#CD1076	2.05	3.5	3
821	#CD1076	2.55	4	3
821	#CD1076	3	4.45	3
821	#CD1076	3.45	4	3
821	#CD1076	3	3.55	3
821	#CD1076	2.55	4	3
829	#CD1076	3.05	4.5	3
829	#CD1076	3.5	4.95	3
829	#CD1076	3.95	4.5	3
829	#CD1076	3.5	4.05	3
829	#CD1076	3.05	4.5	3
838	#FFFFFF	3.55	5	1
838	#FFFFFF	4	5.45	1
838	#FFFFFF	4.45	5	1
838	#FFFFFF	4	4.55	1
838	#FFFFFF	3.55	5	1
847	#FFFFFF	4.05	5.5	1
847	#FFFFFF	4.5	5.95	1
847	#FFFFFF	4.95	5.5	1
847	#FFFFFF	4.5	5.05	1
847	#FFFFFF	4.05	5.5	1
858	#FFFFFF	4.55	6	1
858	#FFFFFF	5	6.45	1
858	#FFFFFF	5.45	6	1
858	#FFFFFF	5	5.55	1
858	#FFFFFF	4.55	6	1
782	#CD1076	-0.45	0	9
782	#CD1076	0	0.45	9
782	#CD1076	0.45	0	9
782	#CD1076	0	-0.45	9
782	#CD1076	-0.45	0	9
792	#CD1076	0.55	1	4
792	#CD1076	1	1.45	4
792	#CD1076	1.45	1	4
792	#CD1076	1	0.55	4
792	#CD1076	0.55	1	4
798	#CD1076	1.05	1.5	3
798	#CD1076	1.5	1.95	3
798	#CD1076	1.95	1.5	3
798	#CD1076	1.5	1.05	3
798	#CD1076	1.05	1.5	3
805	#CD1076	1.55	2	3
805	#CD1076	2	2.45	3
805	#CD1076	2.45	2	3
805	#CD1076	2	1.55	3
805	#CD1076	1.55	2	3
812	#CD1076	2.05	2.5	3
812	#CD1076	2.5	2.95	3
812	#CD1076	2.95	2.5	3
812	#CD1076	2.5	2.05	3
812	#CD1076	2.05	2.5	3
820	#CD1076	2.55	3	3
820	#CD1076	3	3.45	3
820	#CD1076	3.45	3	3
820	#CD1076	3	2.55	3
820	#CD1076	2.55	3	3
828	#CD1076	3.05	3.5	3
828	#CD1076	3.5	3.95	3
828	#CD1076	3.95	3.5	3
828	#CD1076	3.5	3.05	3
828	#CD1076	3.05	3.5	3
837	#CD1076	3.55	4	3
837	#CD1076	4	4.45	3
837	#CD1076	4.45	4	3
837	#CD1076	4	3.55	3
837	#CD1076	3.55	4	3
846	#FFFFFF	4.05	4.5	1
846	#FFFFFF	4.5	4.95	1
846	#FFFFFF	4.95	4.5	1
846	#FFFFFF	4.5	4.05	1
846	#FFFFFF	4.05	4.5	1
857	#FFFFFF	4.55	5	1
857	#FFFFFF	5	5.45	1
857	#FFFFFF	5.45	5	1
857	#FFFFFF	5	4.55	1
857	#FFFFFF	4.55	5	1
804	#CD1076	1.55	0	3
804	#CD1076	2	0.45	3
804	#CD1076	2.45	0	3
804	#CD1076	2	-0.45	3
804	#CD1076	1.55	0	3
811	#CD1076	2.05	0.5	3
811	#CD1076	2.5	0.95	3
811	#CD1076	2.95	0.5	3
811	#CD1076	2.5	0.05	3
811	#CD1076	2.05	0.5	3
819	#FAD7E2	2.55	1	2
819	#FAD7E2	3	1.45	2
819	#FAD7E2	3.45	1	2
819	#FAD7E2	3	0.55	2
819	#FAD7E2	2.55	1	2
827	#FAD7E2	3.05	1.5	2
827	#FAD7E2	3.5	1.95	2
827	#FAD7E2	3.95	1.5	2
827	#FAD7E2	3.5	1.05	2
827	#FAD7E2	3.05	1.5	2
836	#FAD7E2	3.55	2	2
836	#FAD7E2	4	2.45	2
836	#FAD7E2	4.45	2	2
836	#FAD7E2	4	1.55	2
836	#FAD7E2	3.55	2	2
845	#FAD7E2	4.05	2.5	2
845	#FAD7E2	4.5	2.95	2
845	#FAD7E2	4.95	2.5	2
845	#FAD7E2	4.5	2.05	2
845	#FAD7E2	4.05	2.5	2
856	#FAD7E2	4.55	3	2
856	#FAD7E2	5	3.45	2
856	#FAD7E2	5.45	3	2
856	#FAD7E2	5	2.55	2
856	#FAD7E2	4.55	3	2
818	#CD1076	2.55	0	5
818	#CD1076	3	0.45	5
818	#CD1076	3.45	0	5
818	#CD1076	3	-0.45	5
818	#CD1076	2.55	0	5
826	#CD1076	3.05	0.5	5
826	#CD1076	3.5	0.95	5
826	#CD1076	3.95	0.5	5
826	#CD1076	3.5	0.05	5
826	#CD1076	3.05	0.5	5
835	#CD1076	3.55	1	5
835	#CD1076	4	1.45	5
835	#CD1076	4.45	1	5
835	#CD1076	4	0.55	5
835	#CD1076	3.55	1	5
844	#CD1076	4.05	1.5	5
844	#CD1076	4.5	1.95	5
844	#CD1076	4.95	1.5	5
844	#CD1076	4.5	1.05	5
844	#CD1076	4.05	1.5	5
855	#CD1076	4.55	2	5
855	#CD1076	5	2.45	5
855	#CD1076	5.45	2	5
855	#CD1076	5	1.55	5
855	#CD1076	4.55	2	5
834	#CD1076	3.55	0	5
834	#CD1076	4	0.45	5
834	#CD1076	4.45	0	5
834	#CD1076	4	-0.45	5
834	#CD1076	3.55	0	5
843	#CD1076	4.05	0.5	5
843	#CD1076	4.5	0.95	5
843	#CD1076	4.95	0.5	5
843	#CD1076	4.5	0.05	5
843	#CD1076	4.05	0.5	5
853	#CD1076	4.55	1	5
853	#CD1076	5	1.45	5
853	#CD1076	5.45	1	5
853	#CD1076	5	0.55	5
853	#CD1076	4.55	1	5
852	#CD1076	4.55	0	5
852	#CD1076	5	0.45	5
852	#CD1076	5.45	0	5
852	#CD1076	5	-0.45	5
852	#CD1076	4.55	0	5
